episode,reward,loss,entropy,policy_entropy,value_loss,kl_divergence,explained_variance
1,6.623811590664924,1040.2782203177378,1.7891381095641696,2.1710710340888184,97.63686835714319,0.012529545558443824,0.09579825126527097
2,2.724315038126934,997.786685138933,1.92827597305212,1.755678629765236,87.80009158279255,0.004660749306062614,-0.002694805402482202
3,0.0,891.9648097329924,2.178718604214261,1.845301213019204,90.70683261010838,0.007489506414235472,0.05090187308102142
4,0.5054471606152298,940.6964965448824,1.6622475190591148,2.1131503786697543,102.09264119116327,0.011420438166369914,0.042979720627137036
5,12.680107244923327,889.1179304571785,1.844453613467512,1.4692646344629536,92.11057227014825,0.010981682433560756,0.12395482154472635
6,0.0,926.1728849937932,1.908286666226648,1.9656423455991385,115.95021462072452,0.016227801952947957,0.13586408861863558
7,0.0,855.413922142241,2.1769842858171584,1.6385911170326402,103.26842031841807,0.010417555968574703,0.01715251032458434
8,6.384194140786402,933.4960678636572,1.606054252568232,1.8425811183184877,77.83113816514005,0.01295797791452675,0.1299956047064066
9,4.912339261763648,830.8736192993244,1.936793237970351,2.165023753096161,82.71054749601205,0.0011530473695973101,0.2417723357192416
10,2.298521179932443,815.8195551287273,1.7845710064287768,1.9909999319785052,90.34014422414272,0.00780291573729956,0.14221903305256775
11,0.655585130887151,772.3023807755801,1.715132073404165,1.8895839502187461,77.67625689674945,0.004919846765288831,0.146447666396673
12,0.0,735.522094232663,1.9484999654719253,1.8007493097701914,94.36337297150425,-0.00011952743251520716,0.1863145497788257
13,0.7877897736927102,808.2240087577976,1.7549308134827557,1.83896232044483,84.20872824928648,0.009553477019993678,0.20964319394149922
14,6.021826014689191,784.882225828032,1.8345803528169304,1.7479925492909154,91.53581832602671,0.007400540330210979,0.20269798998011107
15,8.194832968537614,779.5446753803257,1.9024777948300515,2.073587885073375,93.84810964985789,-0.0002881893678654164,0.2939790395697386
16,0.0,712.5814944879602,1.98452786855233,2.024713286127146,91.35497300372143,0.010666696716308231,0.1685656930301241
17,0.8527152433596079,745.9111079654964,1.5932368358899818,1.9119460712695597,87.87705060556328,0.001708537385806225,0.2621318635741223
18,8.810870619660584,670.2761246316805,1.8156916785343784,1.500866036515699,79.89515043700025,0.007309159933274756,0.34098096683182905
19,1.3294816838191958,727.2007229588327,1.8880802288630665,1.9386464656583668,82.82852816150891,0.013508191071424213,0.21462803014028908
20,2.6135902989438247,661.489656334512,1.4685047026503124,1.753899825439998,93.68253910875158,0.003940339244905585,0.30524691026972633
21,0.0,671.3686377804319,1.703958804395174,1.4995557602867704,78.9101430606441,0.011541883760197009,0.3311714695550969
22,5.093710001889619,597.5438769294791,1.5576171674154198,1.5290365520476952,84.7993686543118,0.00476297428214981,0.31115920818256476
23,11.198451499835862,578.4608188922144,1.6651701766779583,1.9526646878160594,104.10875693454507,0.01092181853069139,0.36506753085856913
24,0.1709812900333487,590.7126821613836,1.192614326734993,2.2848333388214845,59.18611417759631,0.0022089599648397757,0.388730761025183
25,3.3959689301789413,615.8618770905119,1.37116544285184,1.4604384084813262,76.04498417234798,0.011479125942909273,0.3282749803178512
26,2.160849933444288,574.9241346948969,1.8220351472782277,1.539356421584244,74.41146112409993,0.0017911875423186731,0.3125313897393898
27,6.790194681503819,611.1362535066975,1.804562846644404,2.0081440741683925,81.17663069764774,0.013782886692324369,0.3515049829105748
28,5.084658368183834,527.3827036637593,1.9031957379881477,1.8668649954197611,61.58617120602329,0.008466733956822854,0.46895093261419674
29,0.0,535.4150648330768,1.4654263107147387,1.3168656566315895,70.2150599869316,0.012973708974954899,0.41643604226529757
30,15.921876734940652,583.2930367519173,1.9696160538639556,1.6533217479552091,71.89476542442415,0.0044178674595701664,0.3779986637224578
31,10.90848127720242,528.0506334073867,1.5845887428562786,1.7701327813569359,64.35859217283873,0.006028309527863528,0.32288456324618986
32,6.93707330610536,582.1231479220779,1.694897525872643,1.6475425294721249,79.04883731522153,0.009118580286166068,0.4243464362495297
33,12.016224538477871,541.1667260630072,1.3856138680918428,1.9475077818394055,67.72502905836309,0.002360089837247695,0.4197088978811439
34,2.934415126850765,508.69293999917176,1.3203121022685154,1.7707681073978725,64.17769236681627,0.012981346201132324,0.44353473797737153
35,4.997251096105394,535.099335104594,1.8234108665657105,1.7604439630088202,68.95711012810641,0.01241979062029402,0.4198673930818224
36,5.562829302855623,421.66808976025663,1.5894619669434629,1.327647828545504,71.95490865968806,0.005406164393314117,0.48342918109761385
37,3.4197364477720007,511.7360504372122,1.8934389993802048,1.7295686641961354,86.1821124379604,0.006892425473389828,0.4068818383562611
38,7.411909705877566,436.1807516782443,1.4782575931291764,1.7536988180197919,96.6552222613221,0.010842311466530414,0.4879675711511549
39,9.24279734195074,426.4850221932381,1.6348901329717056,1.485030025657502,84.3944980749113,0.005229632132856879,0.39712775516034293
40,1.5286497049169547,448.3107073971185,1.409050862697743,1.4745475165297772,77.89825500000853,0.011145920302753807,0.4786121953552171
41,16.88475357424918,375.85783491612233,1.4257787211706971,1.8444736410509708,56.38135621480851,0.006651078802900627,0.5199945761379995
42,10.286637549916186,430.1689692433114,1.488825351622753,1.4496384933626743,59.680164345682805,0.008420308241136902,0.5096148491259154
43,22.6884358736394,435.74838158499387,1.7245375960116471,1.559977330259034,72.69755328316958,0.006213188935202623,0.46688276740258805
44,8.336575576820866,405.0420328908863,1.6752446555704592,1.574340453399764,57.81615929757987,0.00905693879585964,0.5084343668351109
45,13.066669955666026,405.6489249424496,1.4528400029274453,1.661603085465945,68.93851195968134,0.00808608629693967,0.4664477499982792
46,8.257697475020676,406.74708926811576,1.6642236136920956,1.5088308933488013,73.2733954394658,0.0057651212422781106,0.5531552695037691
47,14.13270390843501,411.2778142687674,1.7208997501926249,1.6039588961757985,73.89497341890782,0.015739418777300958,0.5213401655507184
48,7.53126182464297,371.05006328877846,1.5085461333365542,1.7000843838324446,54.09578219061416,0.013110681092846112,0.5848739762276381
49,10.847638038351588,427.6490648257424,1.315618746351647,1.4003591347375413,69.75854596429373,0.007945105171810811,0.5864412471784848
50,6.82466038822931,396.375626072295,1.574273713975987,1.2769818221444236,70.49580480227262,0.01563386869766619,0.5420672659635299
51,5.782574222401767,369.6550988869962,1.3609838583372835,1.4440316317732216,50.195600851768106,-0.0016175359875098445,0.5570486660115023
52,3.3016396013515505,392.246702004502,1.60589433077826,1.4621665927707808,49.55950903164917,0.004052254866797772,0.4636346305925111
53,11.841690734025676,339.5877263151472,1.502099716497181,1.1937965319496515,57.601659524235586,0.015515462428092062,0.634669438513456
54,0.0,363.5884299741426,1.2047771775621376,1.3983192530785842,68.60656496930467,0.008128239245014436,0.548845706626429
55,3.39359737516883,290.41650876691665,1.3268181148112947,1.5523034273158065,57.720203457338066,0.00684583468095026,0.5783650421965993
56,6.811202609455718,338.37305498629314,1.3690206485331229,1.3005061025763798,53.920652626604706,-0.0037514814241196995,0.6078561327808751
57,14.12544568209485,305.1716598416224,1.2004013561218756,1.317441586225407,57.89497033187318,0.01455308107425066,0.6558521212945476
58,16.658195460327406,314.6638663068682,1.3119912407545429,1.6132859778545547,68.05822107457486,0.002578529149319637,0.682452965929677
59,9.729066816398085,336.7896686943092,1.446579669801976,1.410289311843236,56.54151710466689,0.013479968811831087,0.6185363613099177
60,10.92395417530728,314.7286743802757,1.09915563735947,1.1024270079352796,58.54730917487598,0.009508928706499057,0.5906021247594098
61,7.086369305037537,314.0647169773088,1.0200732444882277,1.3100777783520567,50.00339669440816,0.011487269228673514,0.589722998218246
62,3.0785869183734578,260.71061520549125,1.4356497834467674,1.5591856195678153,61.158500433590525,0.013703810368113458,0.6560199430612054
63,17.228388871213838,292.47932556956783,1.4050567599094956,0.9651408110527302,67.44002304982243,0.010183897016985634,0.7027940865145603
64,3.810713786012625,243.99892903078387,1.1250813214623123,1.1350877599064053,65.77228004818885,0.006056250729653299,0.6162364683630895
65,9.182829027921883,309.7476293461915,1.149666531358644,1.3022027496805744,54.05498455330369,0.01071967493228677,0.6651798090526856
66,5.429086139789698,216.57292151194315,1.226897730793037,1.1714921256638768,61.411288611026876,0.012936688380810381,0.6658188309027419
67,8.472445157080303,300.91169858376014,1.2485739366117574,1.2773097548518177,32.70893397969668,0.002863364635411242,0.6611707311912771
68,8.150299128482175,272.6900942052015,1.274053605159483,1.1960659245107925,56.38572090854336,0.0025046446260851337,0.6331163952681529
69,7.026579780044749,325.33405690710043,1.0055864790286624,1.220717199443829,64.05326603200888,0.0006235176683678971,0.6784369819161252
70,6.940244826509682,239.62156422296147,1.356710669558743,1.1764873448635347,47.62385403596002,0.005172454557132996,0.6787721261120232
71,13.134718402696354,245.32213701233823,1.2916472840204856,1.313356006989652,43.71564351287688,0.017180846829124307,0.7932037103647898
72,16.633687233137763,193.8412524893784,1.3927007896308887,1.2588576164883891,49.23337062255325,0.017849854830109507,0.6081856297493907
73,11.864050027309773,272.48974171241025,1.046223248316921,1.046733265254109,30.497151095571095,0.007275039975517159,0.7135098273347115
74,2.876336805549558,283.2256093171381,1.200659535343514,0.8066205781083102,50.12516747509456,0.007573549141095042,0.5587241221454712
75,13.950768548809606,229.92142775813403,1.438748658289167,1.2278263341301854,33.784102626280514,0.011906437288923925,0.7680123365605027
76,10.632908287959427,177.14487579639075,0.9058743273094468,1.1033628628475394,46.64917852550279,-0.0027255298446647053,0.6821220247221164
77,6.502153727690291,187.52246775918977,1.360389096546392,1.2411710571737118,44.022159340617804,0.0019750014556266463,0.6800276340570258
78,10.77023751656744,233.679121926852,1.1013607690196392,1.0926669257082178,50.7762638888063,-0.0019106166318662134,0.6207131722734438
79,13.006430964263348,193.2645146463585,1.2469428135934464,1.2215311386935581,46.55694486896288,0.008874266886159696,0.751094030928225
80,12.829389749498423,174.45655973625975,1.1192077544988075,1.3864892888724114,44.98721893687917,-0.0032147787267877755,0.7223806767454072
81,1.9299497103755807,171.9927592213459,1.2030727416403724,1.0215851643900358,53.968248410955034,0.007212170053030129,0.7240114509211479
82,15.846628084088492,158.28123247975904,1.141435125128104,1.25970890541452,55.05594983240741,0.0013459527489687439,0.756602664951661
83,15.834658309743556,221.5535864841099,1.2512453117469764,1.2311952479973147,58.45968392815301,0.00048702922099313605,0.7143417285138987
84,16.565489690931408,160.69602718968395,1.0424914017240337,1.1091475693851711,30.362743746003176,0.0012927680198084436,0.7527154014867736
85,5.879704171759594,189.05245495052472,1.2490996127770817,1.0834745928023455,43.40814381810457,-0.00346462205377501,0.7166669837905181
86,6.559946324606897,172.82814608001053,1.282834115109761,1.2098572389886713,31.520941376449628,0.0008073441746413368,0.8190227156602681
87,12.102371344930686,195.9804077565305,1.090968054820929,1.0285220870241407,35.962490658742176,0.006409879384217327,0.7392885004699609
88,0.5705904442271414,250.89787179827547,1.2439799551791064,1.0373106482163126,58.89228190811781,0.004013273595572747,0.7294990507710791
89,14.963247158846086,186.7962386889013,1.0818316528752034,1.0925109750206448,70.26804037453482,7.161430898583367e-05,0.8301027767694513
90,7.21913426227208,106.16239804500054,1.2101004856997413,1.397099448371283,32.05159127208233,-0.0015395795136903534,0.7913174434908096
91,4.207872310419679,134.81145537451513,1.0867167260671589,1.007531472285043,34.33335919886648,0.015259662831402006,0.7979956942633557
92,13.07347649830675,169.61424104481787,0.916760430887612,0.9761390973827175,63.70728212963707,0.0053819336135365655,0.899513847536614
93,10.483792125721497,192.446325933224,1.2253696017572024,1.063180130826818,54.57940983102371,0.005503266358949418,0.6975127995966296
94,16.45836608493814,181.10297647675085,1.1553621520461217,1.1547707307742567,31.785045457410597,0.00633103800889991,0.6674298679014348
95,13.102136277041756,143.0730110755249,1.1370543015138888,1.1885343876026582,57.85748054037344,-0.0007966139593528028,0.7854099997744396
96,9.722115451511955,134.97609246269212,0.921194891329044,1.1201503640666077,38.190156646517934,0.009492625507716174,0.801239447972207
97,11.7585757682585,171.4932958998242,1.0726752768953844,1.0299901679610204,22.15275731023498,0.004379340831251782,0.709758029359705
98,15.819345151091172,160.62662014658295,0.984906858555904,0.989344975620237,44.33631564758838,0.007107293393274681,0.70694888271067
99,14.07360318214102,121.22638255157004,1.286181802847667,1.3116856930940612,55.55535587851139,0.00366850052418983,0.8149641808213096
100,11.12792692757158,64.86263521275797,0.9806655399528428,0.950919429594996,48.92720291628295,0.011802591426384687,0.8296450104281109
101,3.691305422157408,162.45089020900676,0.9555034699078516,1.1457645819139675,46.037032799395,0.0062212288866216586,0.7844117028111042
102,16.023269098254513,93.1219113067235,0.9414241522744684,1.1462140008722979,33.06272419296286,0.009570870455439084,0.7878520215176567
103,8.118132632858902,132.51740261190946,1.2582239445675925,0.8043593595321916,48.32313548421932,0.008495941225363651,0.7886385595219908
104,14.722166533633247,68.90734438169378,0.9669893018725833,0.8758662851449395,43.003981555047694,0.006303143600711173,0.7809931142192725
105,9.2059319752824,96.55115266232596,0.8624275283680983,1.0123287861046941,30.853863106465884,0.0020463420128131087,0.7804726871708543
106,10.027963247531488,142.17742137527418,0.8518374057595363,1.1013261639836216,37.73549563567049,-0.0065547565147061155,0.7594137828449545
107,10.01914818508213,124.51763854408144,0.9348184957746152,0.9270438473181641,44.58368007825981,0.01072519867385453,0.8431684469049565
108,13.051715401129284,147.60087608119196,0.8406885473814764,1.0104281143315208,31.396663807725016,0.009066620049784275,0.8262115207895682
109,17.372139176338518,83.16643309352924,1.0240409417043523,0.941724282300027,22.44138698585855,0.007402733229916311,0.8122499276980598
110,13.759221077849103,107.74976308122535,1.0490115939106466,0.9835213953819933,34.83020591479482,0.003888700967001848,0.7198151187834253
111,15.705704894401888,127.78659058201274,0.9951541712449506,1.292262813940194,39.69250777238145,-0.003955072081624146,0.7978656266248132
112,9.311232205870342,123.65972584961574,1.0538743318510777,1.110508486352824,39.98595824381792,0.0008168841749832886,0.7801404443603606
113,17.48600541356275,100.04531647225888,0.9191124474370348,0.8398766113498002,35.438554946117236,0.006331024122003159,0.7812403878310694
114,6.969107608229352,63.99211749783797,0.9691020178181324,1.0804594880133394,33.84480767476545,0.003277108796254316,0.7171626456182939
115,14.146452724609116,119.9169959172472,1.0057667480565609,1.0826646098540105,28.1310903574018,0.010137228856831361,0.890539101178994
116,9.31902317311148,92.74832710004924,0.8559619234582387,0.8600438140186362,13.381837597918,0.01215414632956208,0.8151984417498933
117,12.874132457543872,93.26371582631748,1.156452638775071,1.032908537588315,24.744307960379807,0.0035554215231368936,0.9009916444855653
118,6.920967548726388,88.39838611270169,0.9457466467902416,0.8815584997313073,36.89777944351196,0.005512222928280434,0.8135291041505567
119,9.407765284219272,67.08576346545334,0.9889340293255272,1.0446820073331708,41.99733326072783,0.008006998162215576,0.8051238064946473
120,9.755055680490244,77.39345302085995,0.785338732495395,0.9364566839989854,22.65109903341209,0.003319812818477429,0.8456905896673905
121,13.06812678454479,99.8967914204688,0.8387931765354724,1.3180129895394441,16.378593718114757,0.01438163318506705,0.8801751552831187
122,6.491920728735247,67.3594519121042,0.9821266736382512,0.8435203676971093,20.632097713560363,0.008045430961857346,0.8354862240105648
123,12.73696893737491,56.70165083477357,0.7419411697659916,0.9890220414463697,23.559468120757483,0.005726193059625269,0.7543855715769379
124,8.612441655140804,93.10160973044326,1.0369989232874168,0.901856108965861,27.21500068148232,0.006347747094323735,0.823657084622698
125,13.669320506475348,44.02752561722858,0.8849135962308624,0.9143155214464833,29.546912359432696,8.81617518718068e-05,0.8262626942908278
126,19.34599084937661,18.754191997322412,1.071801725616884,0.8225138199040508,33.315987568311584,0.006413501016455551,0.9432699244821485
127,19.379059134857,73.94824258130035,0.9953663678052036,1.0190842493734025,4.63843931057308,0.01038299007751018,0.8574354411035499
128,16.31823588045705,54.11772937754421,0.7366171269498294,0.8260472347453981,16.92930405980109,0.019599543839715444,0.7827827299194812
129,15.954210122228789,55.854281880628,0.8672551048158996,0.681349979955938,27.620906208372038,0.006082570923186554,0.8485518945250184
130,20.49619524997804,51.94279135404445,0.626734742303735,0.8209149868231425,8.390596201456965,0.011257370226787102,0.8126180958305624
131,9.725242589657617,91.34916435434926,0.8637434413057656,0.7923381192063844,35.62005390914428,0.0029368635781421505,0.8076555479645354
132,12.282354073927394,50.96500871518938,0.692883262014995,0.4501772014932481,51.291858252447966,0.00024866855204492156,0.8501444636112838
133,14.408305097154155,72.580883380863,0.8280218844521264,0.9646901755982501,24.52404654978719,0.006131429428538442,0.8756663759105424
134,20.521263853241628,94.56506599613108,0.9260602943031746,0.8625416485317833,27.22281304147935,0.004338915531253406,0.8612307018496457
135,18.57415474202864,55.42381872656131,0.9416702389287378,0.8703495345982708,17.72654549442469,0.007697937282506363,0.8768631709757381
136,19.70148924563268,73.67429722354451,0.7592822062479626,0.7796145301964,17.866038182174314,0.0024569656288841767,0.8348792769088028
137,9.740294138473695,66.85129671400163,0.8635966600817191,0.951229488400369,38.370889529816154,0.002544631382289946,0.9464894492688545
138,10.20030298246289,89.43191953695467,0.7370891948140831,0.7150527362736224,20.37129133439926,-0.00016433858894752615,0.8232047529683921
139,20.967864541316068,28.331005969879463,0.7271736083746729,0.7582459694390808,35.40838838823324,0.004125204770614394,0.814536234510727
140,13.143199296879065,107.1446173953791,0.8706857217696473,0.9296609848741003,23.49938120618465,-0.00039288350062686474,0.9001849873133801
141,15.931224113436596,40.08414130636861,0.717339257832597,0.880413802712874,40.8573467794698,0.005167800154708443,0.8094824215154149
142,12.76544651368471,62.32211130773622,0.6912025358007932,0.7992411507534318,32.44728377136725,0.009176397537217548,0.8412021235354392
143,21.66944047510887,69.35112781567983,0.7636467376015553,0.770657580074199,31.197097786223328,-0.0037452073069426496,0.7917166847416789
144,21.563776435592896,20.942237384790083,0.6188747615004111,0.791407237049256,17.657339241501163,0.0016224374753866801,0.8849816555495846
145,13.2807369229356,47.358001678863054,0.5186446437062648,0.8034866343482007,37.470861801234506,0.006210814228175677,0.8968199500786059
146,12.495588674027216,43.286734390852544,0.7619290116975974,0.8258763076421043,23.388442848318117,0.002638530226531882,0.8613651992505136
147,20.665491881880943,19.62911140261797,0.7150476169769089,0.814798708769415,33.93389313916562,0.00606561792910583,0.8196293825429329
148,19.91887293786064,92.96379889800096,0.6945699294858755,0.8143946720066472,40.99535962255591,0.012035777777864127,0.9246166800141543
149,6.557906755166147,0.0,0.7025770927725266,0.8421517693781371,35.123774776135626,0.01005105322357739,0.8472113801433898
150,15.437134645262269,3.5035438363017164,0.5887996045678141,0.6535163460530189,44.339614355468505,-0.00032586519164114636,0.9119344253190911
151,16.08347851171325,92.78297722300228,0.650633765115475,0.563549332805955,34.19278372177803,0.00250669235901028,0.9176244648877306
152,15.26681126154134,56.062247098458,0.650999154470665,0.7269409434861022,16.170618867720325,0.004343463398968068,0.9060194046026974
153,15.104931255869271,59.07096374059182,0.801189300656315,0.8541994851623804,15.661368384510977,0.006502681434113632,0.8563912004556491
154,14.20354234681993,28.09694431040228,0.6356723009852631,0.5295087664996594,29.34319623322592,0.0004939258437004447,0.8695598184387436
155,8.469520034326973,92.2708829123455,0.874546879040163,0.7163812856930162,28.99007856372977,-0.005892622661643404,0.7549202146854406
156,10.53558230116251,57.37162902971657,0.6290129482691801,0.579533900211129,9.411647689673389,0.0027229933069176614,0.8517822504688412
157,20.25376898173153,51.82479817320536,0.901771026104188,0.7111626365080865,21.1485729488644,0.006448115244150115,0.788364716895954
158,20.25164609621605,52.34040836467122,1.0421406153301471,0.7665463121676025,35.585011071791676,0.004562875519627568,0.9129256531891398
159,17.902212200698486,59.96175345622655,0.7988572022307417,0.6938760820001422,23.11314267956433,0.0027622433213821546,0.7985985336536711
160,13.068283041814002,34.65128564865415,0.8173356932154574,0.6426649974600722,27.068220222636633,0.00364138364100958,0.8270431923426025
161,11.534192813294808,116.74557123408732,0.8066483387255963,0.8384751833727518,10.287406970740378,-0.004204383270538199,0.9201586046221805
162,13.841617886453196,60.76542594316724,0.605456517545979,0.8259012870701966,7.4574864099877,-0.0053001338982282134,0.7771268294306648
163,13.784089595495567,13.444066745634975,0.403042987216169,0.6988066064655847,6.4516092652005455,-0.0027319514662878294,0.855574554470148
164,10.56398678077631,27.426124787030343,0.693564953241413,0.7190727790389508,4.113286181798413,0.008640765883966752,0.7868156364444786
165,6.079203326215358,23.38190014828112,0.530532363021013,0.8485762251967558,28.37166347682435,0.007187982107636021,0.8822876700642905
166,26.36268554792261,15.468649662806833,0.7628069391845287,0.7860757235797885,23.07299901376857,0.014785191237890714,0.8790219531704999
167,7.33701349506819,52.0373562113963,0.6562021767782216,0.903115190536318,27.638660493242433,0.008709407482126466,0.9581072447833273
168,22.88888439193136,19.6739414492111,0.7331332661344259,0.7281649076990918,15.722381382567338,0.006990417520839657,0.8871348376907574
169,26.85512728935778,25.857496178227816,0.7563022684236297,0.6159501168763423,22.831286776360933,0.002479395679942201,0.8509573578225561
170,10.98434393442421,23.4299371138342,0.6388798700221999,0.6064069368852161,14.254140480805159,-0.0019808558375444306,0.8347521969005872
171,14.389434567467177,0.0,0.7009615569009056,0.5227733094876704,14.130512161987337,0.00774810177210875,0.8304157120510944
172,14.820370095357314,48.342567558680855,0.6820058286078945,0.5457424219227682,22.365609700777192,0.0020341813976415286,0.9349782139666749
173,14.732826015921232,6.958642804510767,0.8304249444965907,0.5809098761021342,8.626135310147323,0.003821644636800623,0.8285624753850495
174,13.9305521232591,53.49954806563562,0.5038261801171756,0.6769577046057919,28.691190494060343,0.003711211324329904,0.8759717322205007
175,11.846348159959833,34.22313540027362,0.5052242821558967,0.37072566498896914,26.646874915861588,0.004611920410408147,0.8489862610971527
176,14.96911393282092,56.64647784175254,0.717032091744089,0.7890972393302844,-8.360053717893496,0.00843980683318912,0.9125271370032088
177,10.146059607340549,63.72890448411536,0.4731080877794999,0.6742276287676738,4.512097197414317,0.006466447600716257,0.8257659920336594
178,14.934214915205276,0.0,0.4686761320794783,0.7214693301706496,1.8372684495870537,0.004488598310154376,0.8685282860316317
179,20.095331669618837,14.093794187760222,0.6531742953832814,0.6339733076373528,38.85837965883667,0.002676495908887234,0.8880458461594734
180,19.394396215952582,18.595050517347254,0.6714112597246149,0.4162034338796979,21.268132164304646,0.0012848998565925082,0.8578985790847977
181,15.077546017460064,24.828365052084376,0.4452873356344559,0.7103963999793365,37.829507492301886,-0.004767139276134695,0.8398544262357347
182,23.067006162408443,69.47437304749717,0.7069719709974529,0.51094014099652,24.55359875067601,-0.00034072234586435615,0.8363663067481888
183,16.921672554365347,36.63645708456969,0.5779947143287262,0.7111263400928072,7.949214923658211,0.00041053680554338024,0.9203190318629925
184,14.939275713447245,25.60812196758471,0.4770139822693365,0.6129754555562186,2.8234403690388277,-0.0037480733863604673,0.9349987605003421
185,16.70814149793164,27.43335406626455,0.4589531114777086,0.8216409902118939,36.448094720663704,0.00022965448702418892,0.9098856794129343
186,17.47187662838565,0.0,0.5824599202677888,0.7864079601285028,31.168440650262525,0.0058679299331469365,0.9064932408226863
187,15.832826825152493,0.0,0.6707522875719978,0.4259441799220418,18.960539385618013,0.007889599743479645,0.8764643014258576
188,14.697974169442592,19.72500033427337,0.7707036053772005,0.6070278600244668,14.268809137231333,0.007220722476463262,0.8978552717457544
189,11.332316267679415,2.301965122810781,0.5780745109604576,0.5744395767686552,-4.489250808506274,0.011364944022577143,0.8455896014088493
190,15.650125828258105,34.09244303736834,0.5124386263883765,0.49083250309046944,10.833580378012815,0.0013195303787332576,0.9052564054535556
191,17.593706427847916,22.178820997043896,0.592660964047178,0.5684391993234417,25.622257819316072,0.006720850843230293,0.9082189546881162
192,19.318114421562505,0.0,0.4489306526456075,0.6103597218291796,20.015298205897736,0.002635220737683688,0.8601569049256688
193,20.68358747402045,24.345039044640878,0.5490207334578967,0.44615913708912813,18.678967224452727,0.005956887918605625,0.8827843006380376
194,14.933753130347943,41.8739412681547,0.5227928534664703,0.6133625397188949,1.9097433478490693,0.0032917818571921538,0.8778458446988411
195,11.70188302689198,9.66296686273494,0.4617637758140807,0.7112476218460857,-2.841094511385709,0.0057617824488203715,0.9057700486765244
196,16.3108302508991,11.403338517792976,0.3850639121648135,0.6176741869554313,9.40355448349097,0.0033774932909874282,1.0170016221565075
197,13.650454408562933,6.026048942511045,0.3113047758977255,0.6298608422597838,20.017748646542305,0.006930988109593307,0.9178739031707215
198,19.51656221487312,24.055555777753035,0.5753679648365831,0.5348721989770472,2.5728852661319035,0.004854450923991799,0.9217019417210601
199,15.037417763783044,23.15292282936505,0.5313079985049953,0.5010026949431733,15.547408010156133,0.009346882781339456,0.9184953423862016
200,12.190940536161651,29.212266866612616,0.5610717778193903,0.43939640210607267,12.90052025720719,0.0037163158668198438,0.7932008780420485
201,20.199671523660363,0.0,0.7304275375931781,0.5112782136740779,14.86217648409119,-0.001784563699754904,0.8904135915326205
202,18.327805731461225,34.6495889153922,0.6186158109917759,0.4504913805931947,8.170082117376152,0.00939798141237922,0.9094622774214439
203,15.3761036677018,26.752711572313544,0.4678900999071676,0.4989128525308438,20.43719776290913,0.003345613965914985,0.9008119494099879
204,10.809425441226429,20.911628131966037,0.5524138398894843,0.6626501428003988,18.873053128892373,-0.0006785101899976723,0.903536978290291
205,10.923916926929136,0.0,0.4746933717015709,0.6301143694493945,12.857873484381127,0.005064759468688325,0.8596768021551375
206,20.36523393427191,3.0411302265982805,0.465460346831993,0.6031074487473619,2.896107073831608,0.004043773023393469,0.8278501414585208
207,18.19009810743206,20.92443594768427,0.4595790833369924,0.6122482715889714,22.58333521920968,0.0006930401765604627,0.8454636851429542
208,10.875944856164663,9.16076668552718,0.576886222677137,0.5021114629967386,23.325126188906193,-0.000593903139117558,0.8689703772360865
209,18.796338206859996,14.217702343027064,0.4528093896226057,0.4250200890469137,4.4465228748183545,0.0034561914904632776,0.904398045052151
210,20.452321757007475,15.280334329847308,0.3473930494063804,0.5244176143266633,2.5783178430725826,-0.002585813594463077,0.9077147941008854
211,19.14136251524933,13.622014047988374,0.4208085451444965,0.3859138419663877,10.450095650709635,0.01628559501848167,0.9634060470084107
212,16.098284903180534,21.159393328912287,0.5544272007638145,0.6001611584915494,24.699721586211247,0.006674189458641636,0.9332809419905589
213,14.558459513631869,11.0120790493833,0.4530847846017962,0.46573056865171325,2.380001242062267,0.004950012781239495,0.8865761170149951
214,23.89929142001669,22.49867185089528,0.6350937648290911,0.38340196919358455,10.167494251277446,0.0023650975983205433,0.8517042408315073
215,21.046267756375126,9.737402821809898,0.3325589493447914,0.41641726638376997,7.005730560699545,0.003850820187634248,0.9865336055269768
216,15.767586413110095,28.554032705814254,0.3045189164635781,0.4535529211485727,8.324509057746816,0.005684577027052283,0.8436275907502193
217,15.48958165736714,25.402546935449188,0.4862097576835194,0.4938238767227541,18.52687123031517,0.005581148312669713,0.8900043124991213
218,11.863975232854749,0.0,0.4671347638320839,0.35494677340867664,8.65076105795181,-0.007099420546152011,0.9156191443246958
219,18.16460179124985,33.08869774078187,0.52224361035355,0.4786601669204432,-4.950358887379286,0.004486428304297397,0.8957368175214407
220,20.61664458826511,0.0,0.5093646879980819,0.3094347439691951,17.322863771177424,0.010138402644134962,0.9053470849429138
221,14.372530113065103,3.003966889455036,0.4608863312418493,0.2848654131055415,11.316263494315802,-0.002574453871602239,0.8960103409509831
222,19.340063690135405,18.39822478942748,0.4915740051009771,0.5619135270577377,4.873081202148714,0.007219456583779279,0.9686418261480437
223,15.259238211387864,6.731167504510324,0.5084621436638656,0.5139280586968404,21.264168323559694,0.004263740702220428,0.9331155805957766
224,21.865929384639085,30.19237885950749,0.5219682078294448,0.4019149432403219,5.035691809953503,-0.0006647399507785203,0.8924048092423623
225,19.004294834069498,6.881290120417258,0.419850977884629,0.21604414891326792,26.155425507821796,0.007845399930864715,0.8954613223102708
226,13.709262565255075,24.437337565103423,0.543260953487925,0.5424175671854123,17.881338372928056,-0.0011560630204529277,0.8555702161733411
227,19.108899413621515,8.863416971472816,0.4308438423615599,0.35206350271581893,4.196297713807958,0.006359004377589237,0.8940684375928
228,18.809171774805154,5.970880157284093,0.4595969137758607,0.3294118364902916,1.4128667523213405,0.004143663040989192,0.9368525778284702
229,16.3726991621134,9.412887926144188,0.4290703912546242,0.41246298153406397,-12.069741434075448,0.0006647531384274775,0.8815635723479497
230,19.157937381657145,0.0,0.3522942740143157,0.2984626937998536,20.844583324261656,0.00023391801041285033,0.9232736876799852
231,17.973226908270114,0.0,0.361952065397547,0.31254037670043233,24.914998514015398,-0.0012910517486082627,0.9120915752420302
232,19.5477041377273,23.76980161634582,0.4613241578366503,0.36679676894091645,13.504655255222946,0.003359048448665667,0.9184205051162863
233,19.56682013360856,11.270714877945917,0.5150735120748617,0.46638251011282333,3.932362812769604,0.0012589515946781385,0.8997850086324523
234,21.253563257304727,3.093965831039055,0.3516008591037808,0.21367061114627778,31.341011693011794,0.00029861895409147125,0.9368922585933747
235,17.916107109845825,6.316726016519235,0.4834493804142496,0.49569717125193963,16.092512462657268,0.002136512881124229,0.884017825099971
236,21.497096133896697,0.0,0.294097715306815,0.3266629493773504,5.747941808767733,-0.0027010910047714897,0.8768522279931245
237,18.211153030641427,13.968964712983096,0.4672845030316125,0.2081759680783352,0.35235062464340494,-0.002118730298342696,0.9472843626465799
238,20.042650992694927,0.0,0.3647526933173047,0.2669639076811704,31.433929920982052,-0.0018190615268437143,0.9675973747157715
239,17.02191872713328,9.719372700017336,0.4681448119852057,0.30340111984406865,16.757243124909607,0.01050744545146718,0.9055625909965305
240,18.59236085498152,24.24719294715105,0.321384133863381,0.325551203246341,20.94669066186753,0.0026128253009480512,0.9939743843040574
241,9.176807773214604,7.493605364657199,0.3925708002737072,0.5167597611826723,8.671996754608939,0.004003018412314754,0.8366675422891452
242,12.79376149931722,8.103263533734605,0.5271031161512807,0.4131778285685898,0.3796498879082577,0.0001780675435840524,0.8622762989946947
243,20.71389041490509,0.0,0.3782048324558467,0.46331894049534095,9.240995554613898,-0.0021930683767659533,0.9431733496943091
244,18.830244379690168,32.8461636641904,0.4233535063633835,0.32456364381464986,-8.46945715375137,-0.003108294098551821,0.8849531382278358
245,16.555953911305497,0.0,0.4449681075280062,0.31125869604057216,6.907149279260391,0.015916621258651585,0.8388484320982015
246,14.994765710012071,19.91160783462237,0.3241117929777436,0.4774473979850806,14.351082142226964,0.004738432046700829,0.8303839251615166
247,9.089399773622368,0.0,0.501110205231334,0.4449248739616704,8.752249671496026,0.009742253500001932,0.8708870507920429
248,19.506064715544884,0.0,0.2334871709883133,0.2312434304075143,11.828895090856024,0.00198139516814951,0.8757058196086409
249,18.534709635666555,0.0,0.4518176157357068,0.5375602406324667,10.159744472558968,-0.0007758391628586614,0.8848768429156588
250,25.06864521308713,7.040147481679655,0.2939852361075128,0.34644285698151966,6.751935060634505,0.008227163596592797,0.9777801347779765
251,16.551899987505962,2.443376186441557,0.3954330134299681,0.3033271826370195,-12.17739143308374,-0.0036007429090360718,0.827366957839983
252,8.458371649507734,26.098772111644564,0.3799687191089807,0.17988263517935754,4.501099280367672,0.006926285083560931,0.8505240629057094
253,13.79546698390903,5.008698774697769,0.4780601904965895,0.39653046788620133,-5.56713798955162,0.011442502004523012,0.8921967021437954
254,10.58748203570143,20.00714280703272,0.3944804662222966,0.2446122702840788,-3.705634026413245,0.004280407053374437,0.9513330951819682
255,28.61460615781731,19.117239110173134,0.4796657463759096,0.41405784885563546,16.274829016089107,0.006909362639898874,0.8810451782417859
256,15.733702011084958,15.629609056035854,0.1954994616337199,0.2960357023665516,2.604173224723125,0.009309157070435625,0.9186480877648687
257,19.006992810500705,0.0,0.408647554926104,0.3988101130408939,6.677022420857218,0.006012846494086451,0.8945053250235993
258,19.460816209586824,18.023913333610924,0.36892503337629,0.28201934765824577,6.361950533405085,0.007522867378791237,0.9388684733262328
259,23.879335992924528,0.0,0.37471551397474,0.33259402380349257,18.391995368357087,0.007406655094767135,0.839022933409846
260,19.966122120402225,40.83922416998435,0.3843713026062901,0.5244627533992741,17.711735065642614,-0.0005200982233521671,0.8458440490429052
261,17.81039444532402,0.0,0.446528279841759,0.27705537550539316,2.0822742944036516,0.0008912991834744487,0.8663919426591642
262,18.43696782378819,9.703261299425176,0.3377073925710117,0.3670004824120321,17.155412284321077,-0.009460156851505079,0.9570542756321156
263,19.028499710399306,36.14318932637767,0.3709193311655709,0.4182726414843253,-5.221613061723042,0.004008194344517407,0.882310598558605
264,21.135924740407415,0.0,0.3844060243439359,0.4080595401214503,18.095496491226545,-0.0070495878636854525,0.9623578071715275
265,17.43515041075547,0.0,0.4620437389147636,0.32875349606044707,6.0507881800106205,0.0122109426820003,0.8376927738311535
266,18.829357757599364,9.28555272842815,0.2959724876497682,0.25566266636466284,6.603446060499784,0.008197435561341332,0.8781260497904568
267,22.79544690292276,17.709978003494,0.3711023511906046,0.3491701139806902,9.41268686877077,0.009904567417831045,0.9289408146754187
268,22.707826440000268,16.899329190392272,0.1393680446698978,0.3658839032280267,23.223318563880348,0.006136312245044863,0.8934207232370243
269,13.833345557629148,7.467805332407739,0.2957442478816133,0.24576056732208684,19.169312940488624,0.011584576750585315,0.8376731757564938
270,17.908737627019278,0.0,0.4257633626189826,0.2617985444580265,0.970395516911041,-0.002779170897802091,0.8890924121835477
271,20.064782147459574,24.71883104859959,0.137236173282393,0.38915647482890353,10.810730359512387,-0.0028323075208273605,0.813611660287477
272,23.53136782400321,28.95149833981568,0.2273016759125123,0.32354950665445087,11.998511970606508,0.00456608393318575,0.8236233326323914
273,18.28585682554057,13.589686466869477,0.2639975719366481,0.2435368609133593,17.03578632688787,0.0044826150612184935,0.8867779123297191
274,13.735480211187024,12.1751451467456,0.2725306924669012,0.3377526961200521,10.701487217004436,-0.0006446580561461621,0.837613106551492
275,18.02232008892392,2.8585436917374656,0.4132288348273822,0.38439604091484214,33.109902428223194,-0.003166299430361786,0.9240667603791559
276,19.80442345155669,18.7370430399204,0.2504076848730457,0.1319223124039299,10.762537383461233,-0.004962089115885528,0.8795410454931252
277,16.590860388774715,6.770036287620139,0.3882849461108019,0.48318733538217323,33.50034684531626,-0.003663820492968576,0.9311804166490117
278,13.742339113499447,24.115804597029204,0.3360738472740057,0.25843638907659977,18.248356159737952,0.008420442625588635,0.8212793196496861
279,17.751457404643727,14.468779790668124,0.3038912247002371,0.3492841316912031,21.54257066937985,0.010169048289419589,0.9182861845908195
280,21.116328535930585,15.064846211550714,0.358096744120733,0.3113166548226841,6.897622319093736,0.0005301386540573294,0.9933680925302317
281,17.86686398777225,0.0,0.3675426524264761,0.15389575665386676,13.263038693692646,-0.002248909480460149,0.9534982813096047
282,14.604289841130226,17.890284902261154,0.369120695993198,0.3295927317457627,-6.470203860481986,-0.0011225790768253714,0.7454608312022871
283,21.86739507514156,0.0,0.3511498458859132,0.32953739639654794,-4.800644354671782,0.006988993508367745,0.8371592235239117
284,19.68519203586282,0.0,0.3898548327010224,0.41510561438782245,14.006712294273495,0.00016047628514619843,0.8684011387660271
285,15.917299092784464,15.458958710740742,0.2813369850876016,0.30968793805203587,8.51043013824881,-0.0018011726342546507,0.9029063332098201
286,20.982662676479524,0.0,0.2073570962773447,0.41342391832701386,21.97173738290113,-0.004942656279934733,0.9120934662325482
287,18.617346851366136,1.9874285796979263,0.3680838617527194,0.2268825015774514,17.63939131302696,0.006605266283034924,0.8849677858338362
288,19.16347260259824,11.428987800313376,0.2960784627073509,0.3400805347173856,6.556700668917224,-0.0020967468429230946,0.8770944036527771
289,25.982331814681,0.0,0.420839227359103,0.3823931416510339,7.197092167119381,0.00242326640267198,0.9290862129516161
290,19.84502465267573,5.696780735357793,0.2730941895589253,0.4302712496208152,12.252409546398528,0.007141412249293056,0.9551656045743544
291,18.612821028230503,10.012804702066392,0.2960308646033834,0.17314163762687562,24.560623386485602,0.003910770492896874,0.933811195518817
292,22.705440116947585,0.0,0.3600165444260709,0.2848741372230117,16.900864293605032,0.00240342910826081,0.9859412422896756
293,20.482919753636857,0.0,0.3518352601653503,0.40575117954452,-2.7229665869521353,-0.0063777181678048266,0.863972032811474
294,16.05940645538982,28.30682770999877,0.3048540231726306,0.28218682451571564,-5.2096156101661535,0.004773101739413289,0.9082900762401072
295,23.535771385179423,8.6651944159937,0.3276974301917087,0.3232545206627059,5.790194674700074,0.012916215494903627,0.9003564895692555
296,16.776245620687718,9.08627754389584,0.2200572935968619,0.18082907951034005,8.147275742273685,0.0003443287297771305,0.8929308988820728
297,18.170469092736305,4.54504064156663,0.2294666670365712,0.2569982661784901,13.367868879783009,0.002169935473927952,0.9507508732895479
298,17.599272898315714,6.326177868602882,0.3144195290674913,0.3419813247604706,-18.3218413454528,0.0020460525286696398,0.9364625232125835
299,22.27834995601449,4.968457796744966,0.3168420122758713,0.136883822918321,9.097138442301759,0.007255736625290563,0.9423678458338874
300,19.598253629335623,29.9272940201813,0.3306355392774989,0.21022511914872566,13.302259834072029,-4.1892185688922976e-05,0.8521649034346513
301,18.96873841129927,29.433930426290008,0.3523755853258706,0.08393449031305175,5.005681366457308,0.0058084226905396035,0.779740375325582
302,18.4340163069489,23.137306918886885,0.4078890168761006,0.23025845715718873,-3.7572350787549142,-0.002487156498042988,0.9533638013143635
303,17.62444500764617,10.607792575721476,0.2316603445934558,0.2694021916079737,6.76586323628419,0.004012586740011697,0.9380632833402998
304,21.561989240392325,0.0,0.2525793839529744,0.43917187450293904,3.7978613394680942,0.0047346309839312135,0.8231484095906246
305,21.63919690061556,18.422643599957023,0.27471975374787,0.22427335233349666,16.834263111434392,0.004825285724190983,0.9218076975195346
306,22.64418750176681,8.291228658169507,0.1467241825458207,0.25628303777525785,-4.402473976725816,0.001964511004747824,0.9292882059793647
307,18.301654454642456,0.0,0.2208805462872521,0.20451975940462622,3.1018521590150008,-0.0015265626162159038,0.9356176628564996
308,20.279889277143297,7.242320361058656,0.3769475939316145,0.3809326223181024,18.074653051213456,0.003728348731199591,0.8754571161952177
309,18.17813064818922,17.02146162305094,0.2880162201872263,0.13774125726380188,-30.1365470511194,0.0034214283740283324,0.8596319333234442
310,14.641073412396352,0.0,0.2089570617852509,0.23369672313831188,-0.9273866641965709,0.003556337465810704,0.8566543372492373
311,21.10237061678749,0.0,0.3586734727405192,0.19250910431952428,16.502384826581384,0.0010249928227956118,0.8360613764177465
312,20.45147389522681,0.0,0.2435352681099431,0.28712122539546303,3.1426575215632413,-0.002739048905408021,0.8547604681025212
313,18.365217183257982,2.007603372511241,0.3157020262008071,0.2625823515858399,29.735372782980786,0.006790530006499884,0.8584499539559948
314,22.83614093434732,6.0877811892707,0.1382272385952559,0.1964118800431892,-5.572858712679058,-0.005831602430889725,0.9117790391227182
315,20.813080364943797,0.0,0.2020538672728672,0.2673942987039748,9.155231372431476,0.008077487298402318,0.8889699846367838
316,18.63429693481476,12.260759344704644,0.3062391660115107,0.2256675769146864,2.6503052383972534,0.001196103183092785,0.8094464521041894
317,23.08233490412779,0.0,0.3613343247477126,0.23499494380964434,-9.867898531057012,0.0018234779925948054,0.9565864791613221
318,19.850338821520147,0.0,0.3121013613107868,0.2574874532995762,2.273268495988095,-0.006652279054351942,0.9006287927924249
319,13.795021951231682,0.0,0.1513823686326154,0.2949498670906182,12.973042533798957,0.002339753666297388,0.9002648872182042
320,21.229078607737563,0.0,0.3220250464565621,0.06235547415763118,10.981056889014873,0.005662029029257986,0.9348316425678489
321,22.661341754543344,0.0,0.2882371233273106,0.2532435281306907,5.247484222599172,0.001709464264482666,0.9179385980327642
322,13.528439438022785,0.0,0.1871973582218165,0.40751798827136054,-3.5276493582226456,-0.005063309856318168,0.8342715614197117
323,18.959171146412963,0.0,0.2558466361159208,0.2101390079274444,25.688473461018884,0.003785327469649224,0.9198041051391544
324,21.447699635222964,8.316310000903545,0.2693991565788236,0.1479338932821397,-5.679922439927644,-0.0019559537746281054,0.8398899259976869
325,23.68402196493208,0.0,0.1561835912812107,0.21147332764747842,6.565954454559376,0.0014313299734808951,0.7718897057281708
326,20.07428915705012,12.700493510568547,0.2290087886506035,0.3175126757027134,-5.964411310361682,0.0050311851335084045,0.8574179097776049
327,18.49715829286373,0.0,0.2314903513032422,0.2752841392703359,-17.3879716069741,0.008078891358230407,0.8586843126298087
328,19.62440175190205,9.716387136099362,0.2761678020200332,0.1796798863790206,14.236717793951202,0.0026860567044549944,0.8979277456551934
329,17.03056314037265,14.329286133160313,0.210230143915963,0.16065043494708797,12.756681913247329,0.013864906721305355,0.9616235063758112
330,20.42987961833001,0.0,0.2385649359815825,0.2469373545304783,6.405973704099418,-0.005389485212577291,0.8413119732708386
331,16.49772041155688,0.0,0.2173457893856629,0.28414064433946945,-15.551582810974388,-0.0020140071435997865,0.807309119247978
332,22.12340590808176,0.0,0.1318013278421714,0.150813265441757,5.795646532631789,0.007020790709427668,0.8168340348269597
333,24.585932072131257,4.308285477533451,0.2808312175380981,0.3223028522608732,8.776830202680053,0.0016890345726292444,0.8872039018172837
334,15.556211842033406,0.0,0.3652820268477197,0.18133215058570903,-22.559352615955603,0.004461102242664772,0.886986420735031
335,20.99941826225222,0.0,0.2412201190462381,0.16385519797480708,9.419693152611023,0.007175586501160817,0.9865499001623128
336,19.248492944289666,7.17291985589655,0.3238900612059734,0.24686219099444082,11.343472715087325,0.0021447884985807603,0.8941518377858035
337,22.35574537076699,15.759754271796892,0.3641848990134061,0.09506181564249896,6.159963151322732,0.014965376427979198,0.9478448292144633
338,23.77017357013657,28.80631179415441,0.3326443872639854,0.07979115559458116,-1.2191085898140979,-0.0015037037635279547,0.9196305873555158
339,15.81643792855738,6.882591100297919,0.2364857640789547,0.2221310365292125,-0.7372243583967206,-0.005431854984104426,0.9404376130123967
340,17.894117630076074,7.390998958005352,0.1184476646881858,0.16099926508762197,2.3155210864512528,0.007490225595325304,0.9425481034804047
341,20.58142154047084,0.0,0.1878427281316841,0.28427647340946505,2.521208775048846,0.00037834105405929754,0.8519056004030554
342,19.40245133425977,0.0,0.2355782907952741,0.24016901228638587,2.897555017401038,0.0071366942713629,0.9428804097639694
343,16.677585504998675,0.0,0.2383149419912703,0.2745435798280487,10.86924779329484,-0.0063753232587962175,0.8544595323646219
344,22.12140044738619,0.0,0.1669684998698034,0.2625582404392544,9.98524686312581,-0.00020094123025274292,1.0389680684799592
345,22.868252523580267,3.3650112992134997,0.2058985442160595,0.1384730956620486,-0.782002284269181,-0.009285230793802744,0.8801598817760462
346,15.656246939771698,0.0,0.1614519683489704,0.14677180544635432,5.43811191762677,0.005775066325984308,0.9331959189257892
347,22.199762697616567,1.9215501415966731,0.1928293058782379,0.14025126563448373,-0.625085257265936,0.009530384383258714,0.9145135806440194
348,18.276876446188933,0.0,0.1427310481408814,0.23414086110371796,18.827336022484385,-0.004378646133524811,0.9600055937887023
349,15.333134044880746,13.569234182473537,0.2060541562723094,0.22519480601047007,9.011537337707242,-0.00735689179916937,0.934718727987791
350,25.48479959853848,2.5933220101804317,0.1,0.2217727944175461,17.061815504815183,-0.007356644595672616,0.8773443510301884
351,24.07924993746744,0.0,0.1375848631034789,0.18104318655853627,24.984081444248023,0.0007324616023716244,0.8791194811572428
352,21.426612612719413,0.0,0.1,0.04855039105429926,-2.085791567124177,-0.001018374521338268,0.9250949130070485
353,16.722074292010902,0.0,0.1654639685343314,0.1382512654810575,-11.442876634893882,0.0005162651788760252,0.9760771171613647
354,19.64331692226781,0.0,0.1,0.12206964160701142,-8.27111934788932,0.01087903057079298,0.9507050990302004
355,17.277964625922934,0.0,0.2029580088367643,0.12397261245117411,8.882036287926802,4.0232232262932916e-05,0.9175019313653309
356,18.200861184647227,11.139398587875249,0.2342892465399321,0.1452777382049399,-1.5423793697200416,-0.002964888150631381,0.9264842513237791
357,20.15261280445754,13.158316833644678,0.1131369425799126,0.24317516432657954,15.492266748215313,-0.002302153411083625,0.8661983650924246
358,23.11596084925266,0.0,0.1446535536670236,0.1725520758620975,-12.725365104248057,0.001211052617223713,0.9308892803967065
359,15.489756701544811,8.248980124525099,0.2517303552066738,0.23690561212762787,-16.76440989894994,0.011954552714526267,0.8794371457292126
360,22.52068341227469,0.0,0.1139774866383093,0.3046126716483253,1.9832800694112824,-0.0009210893221253693,0.8889141648037812
361,20.179663882540243,9.512123775544184,0.1473502509326748,0.13161411087753427,-4.130025009423351,0.005569151869412891,0.9077735395821338
362,20.233835597868804,0.0,0.1085722173429339,0.1660087633216458,9.758009245012,-0.009143355132854145,0.9994817987941539
363,16.397588942748783,8.005420868993154,0.233197508381347,0.1223503779183457,-2.5738528644079035,-0.004367935455645231,0.8923110870497925
364,19.201952436285087,6.950732385057998,0.1103350023628631,0.21242005370037023,-5.343152902607306,-0.002980980462137678,0.9956118364430687
365,18.653285347279773,18.41114685952419,0.2050517328657018,0.17174709001818017,18.108217418235423,0.006698078522062001,0.8762124052065046
366,18.71072819294012,3.2204109970942985,0.1007238035207042,0.20130113214637996,17.338961886534292,-0.00017139047006789368,0.8913470783398841
367,23.280207342503186,0.0,0.1207329726961894,0.1891090120465797,0.4839338314760857,0.004161454287067293,0.9207120624534129
368,20.77256635225609,0.0,0.1,0.16165467823821505,6.04669648453992,-0.00012085551663207545,0.7686572590028239
369,17.011900910629652,0.0,0.1356984178651557,0.17244278413660058,2.8364569749367075,-0.0013450786041634582,0.9204840866551484
370,22.01517140983707,7.256441239228095,0.2403179245020253,0.217211758990744,-2.1519482355140678,-0.004019276704928344,1.007036575939431
371,20.617960439335903,4.445299924100162,0.1584702306782775,0.0843530243333448,15.852456559024514,0.0027615835649148664,0.9151874106266418
372,15.315031155942682,1.5607873320852683,0.1940952359777754,0.18480973036474613,9.416264022128258,0.002934328045381891,0.9119870853049257
373,19.32868063766818,0.0,0.1,0.14391262741362568,13.08424075413513,-0.0052500259824919794,0.8721314920284997
374,19.284736221190556,0.0,0.1094042293932355,0.1557851179801347,-10.414858471620661,0.0009960419029335114,0.9208389028277557
375,21.82681071901302,0.0,0.1789692816452202,0.16269413305033653,-0.03485024578359397,0.0016606192898700111,0.9480256486081708
376,19.239250065402555,5.762243437647679,0.1464956062327661,0.08754156203155267,0.35773729548352784,0.0012747139213452477,1.0318648624615097
377,19.205394480741926,0.0,0.1345137341019562,0.1617106252314402,3.561876412209089,0.0033552038978978726,0.9128072611431448
378,14.692339593877584,6.095986258010679,0.1661375769869706,0.14498639932340499,3.032044431951428,0.007173404385758591,0.9362504819996056
379,25.79163195581474,0.0,0.1676169250325303,0.06979444150101213,16.291689675170502,-0.0018049189315593886,0.871176089970429
380,17.774705800265227,0.0,0.1868437824715236,0.14339542058662472,-11.026139377114326,0.0020492409038529802,0.8500838589236874
381,18.654649910418428,0.0,0.1974123692699741,0.12936000808783057,6.024092211198784,0.006300348248873712,0.9356274472983657
382,18.707498811491245,11.53489604876346,0.2382044377005336,0.23702579457926354,6.361407024460752,0.005256020488189769,0.8717596349178389
383,20.36917210978736,0.0,0.1,0.12265418212069312,-12.729485045447927,0.004655614479521799,0.8219465900262051
384,19.19850425500467,0.383179333566313,0.2086566126977618,0.15877722897397803,-3.0152139502460624,0.0015091731080584822,0.9206525860591364
385,17.272819797618844,0.0,0.2475095797134027,0.2579699617375126,3.5056881834023113,-1.4158119651665321e-05,0.9220993263692727
386,19.916244217229487,0.0,0.1395026449164462,0.15233034539871718,-3.0758785644107838,0.006981499928245328,0.9606028630134729
387,16.744868702842325,0.0,0.2009640074073608,0.24653598905684684,18.205074005864876,-0.0038610572790855843,0.8570876492034036
388,16.21107005760242,0.0,0.1733689489690318,0.15691804870122125,-5.290544747276698,0.007567975385452787,0.9609023469685909
389,21.89430861328524,0.0,0.105630066777715,0.199208766398511,2.3620529928844496,0.0065124174733002535,0.9914688199951394
390,21.397881508890443,9.017821595510462,0.1450692122093821,0.12488434760670465,7.45032817316344,0.0029287975615520725,0.8758659552761427
391,22.220297629265616,0.0,0.1212401814515527,0.1196001451655301,6.226070772213631,0.002585521816090646,0.9757002900585093
392,18.1917120314557,8.308207522263588,0.1,0.14987923026463282,-6.995335007062012,-0.0002867292218513295,0.856676970622277
393,17.476800226268587,6.837693916747988,0.1053438297211315,0.20321824164844354,4.693883092566057,0.004038222933590182,0.9331756030039376
394,20.78090616088778,0.0,0.1787012283125661,0.10707030778368067,7.195914315082115,-0.0024047860684480787,0.9179712832338447
395,18.85275253173424,1.0072964220780958,0.234576877163701,0.05462031305684606,-0.5685440101467683,-0.0004447668886458085,0.8431929278650203
396,19.715158336202524,0.0,0.1247148517704122,0.21095365078091524,34.96655769054372,-0.0006600365078103286,0.8643484455458206
397,15.274654925788973,0.0,0.1,0.15241063834480306,2.2192376704151155,0.007573832003797206,0.9039870333764212
398,19.453130521358403,0.0,0.1,0.08258290254885507,-4.12044141811926,-0.0025851531357310347,0.9443202569982161
399,19.423650864983205,0.2685004506263517,0.1435910159712197,0.033565002652816214,-6.295022926304812,-0.008115806367716836,0.9427285250290431
400,17.33323491079814,2.165230801186393,0.1,0.09910661692290862,-13.723292689438024,0.003926721426232404,0.8918590699596488
